<?xml version="1.0" encoding="UTF-8"?>
<project-private xmlns="http://www.netbeans.org/ns/project-private/1">
    <editor-bookmarks xmlns="http://www.netbeans.org/ns/editor-bookmarks/2" lastBookmarkId="0"/>
    <open-files xmlns="http://www.netbeans.org/ns/projectui-open-files/2">
        <group>
            <file>file:/C:/Users/xzeathri16/Documents/COMP2080_ASSIGN1_QUITALIG_BILLGRAY/src/Problem2/TestRecursion.java</file>
            <file>file:/C:/Users/xzeathri16/Documents/COMP2080_ASSIGN1_QUITALIG_BILLGRAY/src/Problem3/PalindromeDetector.java</file>
            <file>file:/C:/Users/xzeathri16/Documents/COMP2080_ASSIGN1_QUITALIG_BILLGRAY/src/Problem1/Timing.java</file>
            <file>file:/C:/Users/xzeathri16/Documents/COMP2080_ASSIGN1_QUITALIG_BILLGRAY/src/Problem1/TestTiming.java</file>
            <file>file:/C:/Users/xzeathri16/Documents/COMP2080_ASSIGN1_QUITALIG_BILLGRAY/src/Problem2/StringRecursion.java</file>
            <file>file:/C:/Users/xzeathri16/Documents/COMP2080_ASSIGN1_QUITALIG_BILLGRAY/src/Problem1/Stopwatch.java</file>
            <file>file:/C:/Users/xzeathri16/Documents/COMP2080_ASSIGN1_QUITALIG_BILLGRAY/src/Problem2/COMP2080AssignmentException.java</file>
        </group>
    </open-files>
</project-private>
